0.37,0.42,0.47,0.47,0.42,0.59,0.0,0.4,0.14,0.32,0.19,0.17,-0.07,0.22,-0.03,0.89,0.22,0.59,0.1,-0.15,0.59,0.92,0.92,0.17,2.03,2.01,0.81,0.59,0.39,0.15,-0.36,-0.1,0.37,0.08,0.08,0.04,6.69,0.26,0.65,0.96,0.76,1.63,2.28,3.33,3.67,3.67,2.89,3.85,4.38,4.23,4.93,4.28,4.27,4.64,4.97,6.44,6.93,8.02,7.55,7.86,35.5,35.35,34.8,35.16,34.79,34.48,33.46,None,None,
-0.42,-0.42,-0.47,-0.47,-0.42,1.28,0.2,1.08,-0.04,0.08,-0.21,-0.17,-0.66,0.03,0.15,-0.22,-0.21,0.0,0.55,1.84,-0.4,-0.92,-0.67,0.27,-0.78,-2.01,-0.36,-0.39,-0.03,0.75,0.13,-0.04,0.3,-0.08,-0.08,-0.4,-0.26,-0.21,-0.45,-0.65,-1.1,-1.48,-2.67,-3.27,-3.67,-2.1,-3.85,-4.21,-4.38,-5.18,-4.83,-4.19,-4.17,-4.97,-4.64,-6.95,-6.93,-7.39,-7.21,-35.81,-35.16,-35.09,-35.49,-34.64,-34.84,-33.99,None,None,
0.37,0.4,0.4,0.35,0.41,0.55,0.52,0.25,0.08,-0.67,-0.11,0.49,0.21,0.31,1.44,0.26,0.23,0.46,-0.11,0.56,1.21,1.17,0.06,-1.25,-0.28,0.92,0.47,-0.39,0.06,0.22,0.12,-0.26,-0.08,0.07,0.18,0.15,0.08,0.25,0.31,1.2,0.32,-0.02,0.0,0.0,0.03,0.03,0.02,0.0,-0.3,-0.04,0.04,0.04,0.05,0.0,0.0,0.07,0.09,0.08,0.07,0.06,0.03,0.05,0.05,0.05,0.06,0.07,0.05,0.06,0.07,0.04,0.04,0.05,0.03,0.05,0.05,0.05,0.05,0.03,0.04,0.04,0.08,0.06,0.05,0.06,0.03,0.05,0.0,-0.01,0.0,0.0,0.0,0.0,0.0,-0.03,-0.01,-0.03,-0.11,-0.03,-0.02,-0.04,-0.1,-4.97,-2.33,-0.07,-0.09,-0.04,-0.04,-0.05,-0.04,-0.03,0.0,0.0,-0.02,-0.02,0.0,
-0.34,-0.4,-0.34,-0.39,-0.39,-0.43,-0.93,-0.04,0.18,0.1,0.07,-0.69,-0.21,-0.2,-1.01,-0.64,-0.2,-0.46,-0.53,-0.55,-0.66,-0.54,0.82,0.98,-2.17,-0.92,2.48,0.21,-0.11,-0.35,-0.01,0.0,-0.03,0.0,0.03,0.0,-0.06,-0.02,-0.24,-0.31,0.1,0.02,-0.01,-0.03,0.0,-0.03,0.0,0.21,0.04,-0.04,-0.04,-0.05,0.0,0.0,0.01,-0.06,-0.06,-0.01,-0.02,-0.02,-0.02,-0.03,-0.02,0.0,-0.05,-0.04,-0.06,-0.06,-0.02,-0.05,-0.03,0.0,0.0,-0.02,-0.03,-0.03,-0.01,0.0,0.0,-0.02,-0.02,-0.05,-0.03,0.0,-0.02,0.0,0.04,0.01,0.03,0.0,0.01,0.02,0.03,0.04,0.03,4.48,0.07,0.03,0.03,0.07,4.97,4.97,1.72,0.09,0.09,0.06,0.06,0.05,0.04,0.02,0.05,0.02,0.05,0.02,
0.37,0.37,0.47,0.35,0.24,1.05,0.57,0.0,0.65,0.66,0.98,0.56,0.63,0.28,1.12,0.48,0.39,0.78,0.75,0.22,0.98,0.25,1.12,0.59,0.17,0.0,0.0,-0.05,0.1,0.47,0.56,0.53,0.01,0.24,1.66,3.15,1.08,2.39,0.47,0.39,0.32,0.2,1.63,0.18,0.44,1.04,0.25,0.59,0.73,0.79,0.86,0.71,1.07,1.01,0.99,1.02,1.39,1.18,1.75,1.32,1.17,0.91,0.91,1.47,0.99,1.36,1.38,1.38,1.32,1.36,1.38,1.03,0.85,1.07,1.64,1.07,0.74,0.65,1.25,1.57,0.9,1.57,0.72,0.97,0.16,0.12,0.0,0.04,0.0,0.0,0.01,0.0,0.01,-0.02,0.0,-0.02,-0.02,-0.02,-0.01,-0.06,0.31,0.01,-0.01,0.02,0.0,0.01,1.27,0.01,0.04,0.0,0.03,0.0,0.01,0.0,0.0,0.01,
-0.37,-0.47,-0.25,-0.45,-0.83,-0.39,0.58,-1.15,0.17,-0.27,-0.25,-0.36,-0.5,-0.59,-0.6,-0.11,-0.11,-0.16,-0.18,-0.19,-0.25,-0.25,-0.53,-0.08,-0.16,0.22,0.05,0.76,-0.46,-0.47,0.44,-0.53,-0.01,-0.46,-0.69,-0.09,-2.2,-0.69,1.83,-0.32,-0.03,-0.2,-0.29,-0.18,-1.04,-0.13,-0.59,-0.73,-0.94,-0.76,-0.88,-0.71,-1.01,-0.99,-0.61,-1.02,-1.32,-1.5,-1.02,-0.84,-0.82,-0.91,-0.6,-0.48,-1.36,-1.36,-1.13,-1.32,-1.36,-1.36,-1.03,-0.85,-0.72,-0.51,-1.07,-1.07,-0.59,-0.84,-0.9,-0.64,-0.25,-1.18,-1.32,-0.97,-0.16,-0.06,0.02,0.01,0.03,0.0,0.02,-0.01,0.0,-0.01,0.01,0.02,0.02,0.02,0.04,0.0,-0.01,0.04,0.01,0.01,0.0,0.0,0.0,0.02,0.0,0.0,0.0,0.0,0.01,0.01,0.0,0.0,
0.43,0.43,0.44,0.61,0.2,0.73,1.0,0.85,0.93,0.34,-0.04,0.14,0.43,0.26,3.68,0.78,0.36,0.27,0.26,0.53,0.28,0.59,0.97,1.15,0.01,0.89,0.15,-0.08,0.5,0.49,-0.19,-0.29,-0.59,-0.19,-0.01,-0.08,-0.07,-0.07,-0.12,-0.08,-0.09,-0.09,-0.04,0.03,-0.01,-0.05,-0.02,0.0,0.07,0.0,0.0,0.01,-0.03,-0.01,0.0,-0.01,0.0,-0.04,0.0,0.0,-0.03,0.0,0.0,-0.03,0.0,0.0,0.0,-0.02,0.0,0.0,0.0,0.0,0.0,0.0,0.0,-0.02,-0.02,0.0,0.0,0.01,0.0,0.09,0.05,-0.05,-0.04,0.0,-0.05,-0.07,-0.07,-0.02,-0.04,-0.07,-0.02,-0.03,-0.04,-1.52,-1.52,-0.07,0.0,
-0.43,-0.34,-0.34,-0.2,-0.65,-0.53,-0.85,-0.57,-0.17,0.0,-0.14,-0.07,0.0,0.63,-0.38,-0.14,-0.15,-0.23,-0.32,-0.04,-0.28,-0.97,-1.33,0.69,-0.01,-0.04,0.15,0.49,-0.21,0.19,0.32,0.59,0.65,0.22,0.12,0.0,0.08,0.27,0.13,0.21,0.15,0.09,0.04,0.03,0.43,0.06,0.15,0.0,0.02,0.04,0.05,0.07,0.07,0.05,0.06,0.03,0.1,0.06,0.06,0.06,0.07,0.06,0.03,0.04,0.04,0.03,0.1,0.06,0.1,0.01,0.03,0.03,0.02,0.06,0.05,0.03,0.03,0.03,0.01,2.16,0.0,-0.03,0.04,0.01,0.04,0.05,0.1,0.29,0.07,0.04,0.07,0.07,0.07,0.07,1.52,1.52,0.07,0.07,
0.4,0.37,0.53,0.32,0.45,0.67,0.39,0.59,2.06,0.41,0.3,0.17,0.21,0.38,0.59,0.35,0.5,0.31,0.15,0.6,0.33,0.79,0.42,0.86,-0.07,0.12,-0.02,0.36,0.39,0.17,0.13,0.16,0.14,0.02,0.21,0.12,0.05,0.07,0.59,0.21,0.21,0.15,0.13,0.22,0.0,0.07,0.13,0.32,0.13,0.04,-1.48,-1.25,1.63,-0.04,0.04,-0.01,-0.03,0.03,0.0,-0.1,0.03,0.0,-0.01,0.0,0.0,0.02,0.02,0.02,0.02,0.0,0.01,0.01,0.04,0.01,0.03,0.03,0.03,0.0,-0.02,0.01,0.03,0.04,0.01,0.01,0.01,0.01,0.0,0.0,0.0,-0.03,0.01,0.06,0.0,0.01,0.0,0.03,0.02,0.0,0.01,0.0,0.0,0.0,0.01,0.01,0.03,0.01,0.03,0.01,0.0,0.02,0.07,0.02,0.06,3.66,0.07,-0.01,0.07,0.01,-0.02,0.0,0.0,0.0,0.06,-0.02,0.03,-0.01,0.03,-0.04,0.0,0.03,0.02,-0.04,-0.02,0.0,0.0,0.01,0.0,0.0,0.0,0.03,0.03,0.03,0.0,0.0,0.0,0.02,0.0,0.03,0.0,0.02,0.0,0.0,0.0,0.01,0.03,0.0,0.02,0.01,0.0,0.02,0.0,0.01,0.01,0.0,0.02,0.03,0.0,0.0,0.01,0.0,0.0,0.0,0.0,0.0,0.03,0.0,0.0,0.01,0.0,0.02,0.01,0.0,0.0,0.0,0.0,0.0,0.0,0.0,0.0,0.0,0.0,0.0,0.0,0.0,0.0,-3.93,-4.6,-4.75,-4.37,-4.64,-4.67,-7.67,-8.7,-10.11,-9.89,-9.97,-9.46,-10.35,-37.98,-37.63,-37.5,None,
-0.37,-0.37,-0.3,-0.28,-0.85,-0.39,-0.58,-0.65,-0.21,-0.3,-0.47,-0.07,-0.24,-0.28,-0.35,-0.27,-0.03,0.01,-0.28,-0.2,-0.34,-0.18,-2.36,1.35,0.01,0.0,-0.34,-0.11,-0.08,-0.35,-0.01,-0.03,-0.09,0.12,0.05,0.03,0.07,-0.17,0.05,-0.02,0.0,-0.07,0.0,-0.02,0.01,-0.01,-0.13,-0.05,-0.01,0.0,0.07,-0.07,0.03,0.07,-0.01,0.04,0.0,0.01,0.03,-0.06,0.0,0.0,0.01,0.01,0.05,0.02,0.0,0.01,0.0,0.0,0.0,0.03,0.03,0.02,0.01,0.02,0.02,0.02,0.03,-0.02,0.02,0.0,0.01,0.02,0.02,0.01,0.03,0.03,0.0,0.03,0.04,0.0,0.03,0.0,0.0,0.0,0.02,0.03,0.01,0.03,0.05,0.0,0.02,0.0,0.0,0.0,0.0,0.0,0.0,-0.02,0.04,0.05,0.07,0.02,0.0,-0.01,0.04,0.05,0.03,0.06,0.03,0.02,0.01,-0.01,0.01,0.08,0.04,0.01,0.03,0.11,0.11,0.03,0.02,0.01,0.0,0.04,0.01,0.02,0.05,0.0,0.02,0.0,0.02,0.03,0.0,0.0,0.03,0.02,0.0,0.0,0.07,0.01,0.0,0.04,0.0,0.01,0.06,0.02,0.03,0.03,0.03,0.0,0.02,0.0,0.0,0.0,0.0,0.01,0.01,0.0,0.0,0.02,0.0,0.0,0.03,0.0,0.0,0.0,0.02,0.0,0.0,0.0,0.0,0.0,0.0,0.0,0.0,0.0,0.0,0.0,0.0,0.0,0.0,0.0,3.09,4.44,4.75,4.83,4.96,4.76,4.73,8.63,10.19,10.03,10.44,9.6,38.46,37.98,38.51,37.6,None,None,
0.37,0.37,0.47,0.61,0.04,0.07,0.36,0.31,0.23,0.3,0.36,0.32,0.5,0.29,-0.12,0.42,0.22,0.07,0.4,-0.11,0.16,0.18,0.19,0.17,0.19,0.21,1.43,1.65,0.6,0.78,0.16,0.96,0.51,0.0,0.04,0.01,0.18,0.03,0.16,0.05,-0.03,0.0,0.16,0.33,0.1,0.03,-0.05,0.0,-0.05,-0.07,0.13,0.14,0.13,-0.03,-0.02,-0.02,-0.02,-0.02,-0.02,0.0,0.0,0.0,0.0,0.0,0.0,0.0,0.0,0.02,-0.02,-0.04,0.0,-0.06,-0.01,-0.02,0.0,0.0,0.0,0.07,0.0,-0.01,0.0,0.0,0.0,-0.01,0.0,0.0,0.0,0.0,0.0,0.03,0.02,0.01,0.0,0.0,0.02,0.0,0.0,0.02,0.0,0.0,0.0,0.0,0.0,0.0,0.0,0.0,0.0,0.0,0.0,0.0,0.0,0.0,0.0,0.0,0.0,0.0,0.0,0.0,0.0,0.0,0.0,0.0,0.0,0.0,0.0,0.0,0.0,0.0,0.0,
-0.37,-0.39,-0.18,-0.14,-0.28,0.0,-0.01,-0.1,-0.23,-0.11,0.44,-0.56,-0.29,0.01,0.01,-0.48,-0.19,0.0,-0.17,-0.05,-0.07,-0.05,-0.11,-0.08,-0.07,-0.18,-0.65,-0.5,-0.39,-0.3,-0.38,-0.51,0.15,0.0,0.01,-0.2,0.02,0.04,-0.16,0.01,0.02,0.02,-0.06,-0.1,0.0,0.12,-0.13,0.0,0.07,0.07,0.05,0.03,0.07,0.02,0.02,0.02,0.03,0.03,0.0,0.0,0.0,0.0,0.02,0.02,0.02,0.03,0.04,0.02,0.04,0.04,0.05,0.03,0.02,0.03,0.01,0.0,0.0,0.0,0.02,0.0,0.0,0.0,0.0,0.01,0.02,0.0,0.0,0.02,0.0,-0.02,-0.02,0.0,0.01,0.01,0.01,0.03,0.01,0.0,0.01,0.0,0.0,0.0,0.0,0.0,0.0,0.0,0.0,0.0,0.0,0.0,0.0,0.0,0.0,0.0,0.0,0.0,0.0,0.0,0.0,0.0,0.0,0.0,0.0,0.0,0.0,0.0,0.0,0.0,
0.37,0.37,0.47,0.3,0.63,-0.04,-0.08,0.16,0.16,0.44,0.41,0.62,0.43,1.64,1.03,1.69,0.32,0.31,0.3,0.83,0.81,0.4,1.32,0.09,-0.04,0.0,0.03,-0.03,0.01,0.0,0.14,2.8,-0.34,-0.09,0.17,0.17,0.0,0.0,0.06,-0.14,-0.22,-0.27,-0.04,-0.09,0.0,0.0,0.0,0.0,0.0,0.0,
-0.37,-0.47,-0.07,-0.3,0.08,0.82,0.08,-0.33,-0.07,0.09,0.15,-0.25,-0.95,-0.87,0.51,-0.24,-0.33,-0.3,-0.3,-1.26,-0.25,-0.17,-0.09,0.14,0.02,0.06,0.13,0.01,0.0,0.09,0.0,0.27,0.44,0.32,-0.17,0.91,0.33,0.19,0.6,0.3,0.28,0.13,0.04,0.09,0.0,0.09,0.0,0.09,0.0,
0.37,0.4,0.4,0.34,0.34,1.04,0.51,0.14,0.03,0.0,0.42,0.24,0.1,-0.05,-0.12,-0.26,-0.3,-0.09,0.57,-0.08,-0.4,0.05,-0.41,-0.07,-0.13,0.39,0.14,-0.03,-0.02,-0.01,0.92,-0.12,-0.19,0.59,-0.32,0.24,1.39,0.16,-0.04,-0.04,0.0,0.22,0.05,0.0,0.0,0.0,0.0,0.14,0.0,-0.42,-0.36,-0.36,-0.1,0.0,0.0,0.0,0.0,0.0,2.12,0.17,0.33,3.08,0.87,-0.02,0.02,0.0,0.02,-0.35,-0.03,-0.35,-0.03,-0.06,-0.03,-0.03,0.03,-0.1,-0.33,-0.02,0.01,0.18,0.01,0.0,0.01,-0.04,0.01,-0.02,-0.03,-0.04,-0.03,-0.04,-0.03,-0.01,-0.03,-0.02,-0.03,-0.05,-0.03,-0.03,-0.03,-0.04,-0.03,0.03,-0.01,-0.01,0.0,-0.02,-0.02,-0.02,-0.02,-0.02,0.0,-0.01,0.0,0.0,0.0,0.0,0.0,0.0,0.0,0.01,0.06,0.0,0.0,0.06,0.0,0.0,0.01,0.0,0.0,0.0,0.0,0.0,0.0,0.0,0.02,0.0,0.0,0.0,0.0,0.0,0.0,0.0,0.0,0.0,0.0,0.0,0.0,0.0,0.0,0.0,0.0,0.02,0.0,0.0,0.0,0.0,0.0,0.0,0.0,0.01,0.0,0.0,0.0,0.0,0.0,0.0,0.0,0.0,0.0,0.0,
-0.4,-0.4,-0.34,-0.34,-0.28,-0.17,-0.26,-0.03,0.14,-0.14,-0.25,0.0,0.01,-0.03,0.39,0.3,0.21,0.62,0.34,0.29,0.39,0.41,0.56,0.66,0.38,0.57,0.03,-0.07,0.33,0.16,0.42,0.25,0.3,0.55,0.41,0.26,-0.2,0.33,0.1,0.01,0.0,-0.12,0.0,0.0,-0.02,0.0,0.0,0.0,0.21,0.5,0.45,0.36,0.0,0.0,0.0,0.0,0.0,0.0,-0.46,0.0,0.78,-0.02,0.0,0.25,0.02,0.0,0.35,0.35,0.35,0.52,0.21,0.08,0.06,0.06,0.1,0.01,0.52,0.19,0.1,-0.06,0.0,0.01,0.0,0.04,0.03,0.07,0.05,0.06,0.06,0.06,0.07,0.04,0.04,0.07,0.09,0.06,0.07,0.06,0.04,0.04,0.03,0.05,0.04,0.03,0.04,0.05,0.03,0.02,0.03,0.05,0.02,0.02,0.04,0.0,0.0,0.01,0.02,0.03,0.01,0.0,0.0,0.0,0.0,0.0,0.0,0.0,0.01,0.0,0.0,0.0,0.0,0.01,0.0,0.0,0.01,0.0,0.01,0.01,0.01,0.0,0.0,0.0,0.0,0.01,0.0,0.0,0.0,0.01,0.0,0.0,0.0,0.0,0.01,0.01,0.01,0.0,0.0,0.0,0.0,0.0,0.0,0.0,0.0,0.0,0.0,0.0,0.0,0.0,0.0,None,
0.37,0.4,0.4,0.61,0.49,0.43,0.82,0.62,0.54,3.73,0.5,0.14,0.35,0.25,-0.18,0.02,0.08,-0.13,0.7,3.64,0.25,0.37,-0.13,0.03,-1.0,-1.35,0.07,2.07,-0.13,-0.68,-0.68,-0.68,-0.98,0.0,-1.02,-0.44,-2.23,-0.6,-0.89,-1.58,-1.37,-0.23,-1.78,-1.71,-2.32,0.04,0.1,-0.43,-1.78,-2.32,-2.32,-2.32,-2.2,-2.54,-2.56,-2.27,-2.42,-3.46,-2.94,-3.08,-3.57,-1.85,-3.13,-3.25,-2.05,-2.05,-3.12,-2.05,-0.89,-2.11,-2.28,-1.68,-0.99,-2.64,-2.12,-3.22,-3.83,-4.01,-3.8,-4.75,-5.71,-39.44,-39.31,None,
-0.34,-0.4,-0.34,-0.09,-0.46,-0.43,-0.6,-0.71,-0.54,-1.25,-0.15,-0.35,-0.09,-0.25,0.18,0.09,0.2,-0.34,0.28,1.94,-0.05,0.13,0.97,0.91,2.25,1.46,1.1,0.95,-0.16,0.68,0.68,3.18,1.95,0.06,0.44,-0.5,0.89,3.68,2.35,1.58,4.4,1.39,1.54,4.8,2.32,2.08,1.65,-0.81,1.78,2.32,2.32,2.39,2.82,2.6,2.56,2.42,2.85,3.47,3.03,3.16,3.47,3.43,3.43,2.95,2.78,3.26,2.46,2.05,1.91,3.02,2.17,1.29,2.64,2.86,4.58,3.49,5.2,4.6,4.82,5.6,39.54,39.31,39.11,None,
0.37,0.4,0.4,0.35,0.32,0.44,0.06,0.19,0.24,0.42,1.24,0.28,0.41,0.37,0.38,0.07,0.16,0.01,0.24,0.5,0.37,0.25,0.34,0.25,1.0,0.28,0.78,0.48,0.46,0.59,0.35,0.18,0.04,0.08,0.57,0.52,0.61,0.75,0.47,0.68,1.21,0.97,0.74,0.7,0.33,0.75,0.93,0.46,0.52,0.57,0.53,4.0,0.69,0.56,0.37,0.4,0.53,0.53,0.64,0.81,0.33,0.27,0.3,0.46,0.39,0.42,0.66,3.98,0.4,0.92,0.45,0.75,0.42,1.47,0.93,0.69,2.14,0.88,1.65,0.69,1.11,0.25,0.86,0.86,0.86,0.98,1.22,1.22,2.07,1.89,0.44,0.17,3.15,1.25,1.56,0.38,0.33,0.42,0.43,0.2,0.38,0.39,0.09,0.49,0.21,0.19,0.32,0.28,3.35,3.35,5.28,0.28,0.1,0.36,0.35,0.18,0.04,0.03,0.09,0.07,0.06,0.46,0.11,3.18,0.13,0.13,0.02,0.46,0.05,0.07,8.29,0.58,0.03,0.46,1.19,0.02,0.18,0.01,0.0,0.03,0.08,0.06,0.48,0.02,0.37,0.42,0.0,0.02,0.01,0.0,0.02,0.0,-0.01,0.0,
-0.34,-0.4,-0.34,-0.39,-0.31,0.07,-0.07,-0.24,-0.42,-0.42,-0.28,-0.48,-0.38,-0.15,-0.21,0.07,-0.11,-0.11,-0.36,0.02,-0.08,-0.24,-0.09,-0.24,-0.18,0.09,-0.11,-0.48,-0.44,-0.28,-0.22,0.08,-0.08,-0.67,-0.37,-0.15,-0.21,-0.44,-0.47,-1.01,-0.67,0.27,-0.23,-0.47,-0.64,-0.93,-0.46,-0.3,-0.43,-0.45,-0.89,-0.59,-0.21,-0.07,-0.26,-0.49,-0.49,-0.39,-0.81,-0.4,-0.27,-0.3,-0.16,-0.36,-0.36,-0.5,-0.48,-0.29,-0.34,-0.25,-0.61,-0.37,-0.3,-0.95,-0.58,-0.64,-0.45,-0.95,-0.41,-1.11,-0.83,-0.6,-0.86,-0.14,-0.86,-0.86,-1.22,-1.4,-2.12,-0.46,-0.21,-0.17,-2.14,-0.54,-0.43,-0.08,-0.05,-0.42,0.0,-0.01,0.0,0.0,-0.06,-0.1,-0.05,-0.3,-0.08,-0.28,-3.35,-0.28,0.0,-0.08,-0.04,0.0,-0.02,-0.04,-0.02,-0.02,0.0,0.02,-0.06,-0.46,-0.03,0.0,-0.03,-0.02,0.0,0.0,-0.03,0.0,0.0,0.0,-0.04,0.0,-0.01,0.0,0.01,0.02,0.0,-0.03,0.0,-0.02,0.0,0.0,-0.01,0.0,0.0,0.08,0.0,0.02,0.02,0.03,0.06,0.02,
0.4,0.4,0.4,0.61,0.14,0.53,3.46,2.78,2.0,1.03,-1.3,-0.82,-0.26,1.55,2.35,1.31,1.35,1.65,1.83,1.31,2.34,0.82,1.76,1.91,1.67,1.71,1.82,1.5,3.14,3.34,3.68,3.49,5.26,2.47,3.95,3.47,2.63,2.63,3.37,3.94,4.2,2.57,3.74,3.75,3.4,6.12,2.94,3.33,3.2,5.75,5.15,4.41,5.28,5.05,5.02,6.04,5.5,4.49,6.4,6.4,10.2,38.11,37.59,37.26,37.26,37.26,None,None,
-0.4,-0.4,-0.34,-0.19,-0.01,-0.75,-1.65,-0.84,-2.0,-0.08,2.84,0.82,-1.04,-2.33,-1.31,-1.35,-1.23,-1.21,-1.01,-1.19,-1.1,-1.3,-1.45,-0.89,-2.38,-1.39,-1.72,-1.99,-2.93,-2.54,-1.42,-1.1,-2.19,-2.3,-2.3,-2.54,-2.63,-3.46,-3.26,-4.2,-3.68,-3.61,-3.4,-3.01,-3.4,-3.82,-2.59,-3.1,-3.32,-4.72,-4.83,-5.08,-4.45,-4.62,-4.3,-5.5,-4.49,-4.49,-6.4,-4.47,-10.58,-37.64,-37.24,-37.29,-37.26,-36.66,None,
0.37,0.4,0.4,0.61,0.02,0.77,-0.21,0.15,0.72,0.77,0.38,0.87,1.03,0.79,0.71,1.14,0.86,0.7,1.28,1.62,1.5,1.71,1.26,2.26,1.77,1.96,1.46,1.35,1.43,1.11,1.68,1.3,1.1,1.3,1.67,0.98,0.8,0.5,1.34,1.36,1.69,1.99,1.72,0.85,1.34,1.0,1.04,1.18,0.63,2.23,7.75,1.9,2.06,1.67,2.39,1.54,1.72,1.65,2.16,1.73,1.24,1.91,1.29,3.32,2.41,2.0,1.93,1.94,1.74,1.68,1.74,1.86,2.0,1.77,1.54,1.91,2.01,1.75,2.09,1.93,1.94,2.0,1.3,1.44,1.54,2.28,1.84,1.85,1.82,1.95,2.07,2.38,2.81,2.17,1.76,37.51,1.76,1.9,1.52,3.2,2.65,2.74,2.58,2.11,1.72,2.11,2.65,2.72,3.1,3.58,2.98,2.92,3.26,3.22,8.11,3.24,3.25,3.58,37.71,3.29,3.55,3.64,3.77,3.51,3.65,3.98,4.3,2.85,2.85,2.91,3.13,2.85,3.19,3.19,3.14,3.29,3.21,5.31,3.64,6.59,None,None,
-0.4,-0.4,-0.34,0.09,-0.02,-0.08,0.22,-0.06,0.0,-0.14,-0.85,-0.26,-0.53,-0.42,-1.0,-1.18,-0.55,-1.18,-1.14,-0.58,-1.0,-0.77,-0.64,-1.58,-1.5,-0.66,-1.2,-1.33,-1.79,-1.49,-1.05,-0.85,-1.31,-0.78,-0.98,-0.98,-0.36,-0.5,-1.21,-1.33,-1.69,-1.72,0.6,-0.8,0.35,-0.05,-1.04,-0.74,-0.63,-3.42,-1.78,-1.87,-1.73,-1.66,-1.38,-1.54,-0.88,-1.86,-1.61,-1.12,-1.31,-1.21,-1.12,-1.72,-1.91,-1.73,-1.73,-1.4,-1.68,-1.54,-1.9,-1.65,-1.7,-1.28,-1.9,-1.69,-1.67,-1.46,-1.64,-1.67,-2.0,-1.3,-1.16,-1.57,-1.24,-1.8,-1.8,-1.82,-1.86,-1.59,-1.59,-2.38,-2.78,-1.56,-0.7,-1.76,-1.76,-1.43,-1.53,-2.34,-2.29,-2.84,-1.34,-1.79,-1.93,-2.13,-1.8,-2.4,-3.17,-2.98,-3.0,-3.11,-3.22,-3.17,-3.22,-3.0,-3.1,-3.15,-3.03,-3.25,-3.31,-3.51,-3.51,-3.54,-3.74,-4.28,-2.85,-2.85,-2.78,-2.82,-2.85,-3.13,-3.19,-3.36,-3.21,-3.21,-3.73,-3.61,-5.89,-6.59,None,
0.37,0.4,0.4,0.34,1.4,0.25,0.75,0.85,0.5,0.47,0.38,-0.21,2.49,-0.08,-0.03,-0.03,-0.75,0.23,0.19,0.51,1.03,1.21,1.16,1.82,1.19,1.26,0.62,1.94,1.42,0.93,0.59,0.75,1.16,0.98,-0.13,0.62,0.21,0.6,0.59,0.84,0.71,0.51,0.36,0.39,0.85,0.88,1.14,1.29,1.33,0.96,1.22,1.39,1.38,1.38,1.16,1.88,1.0,0.7,1.11,0.63,1.04,0.33,0.79,1.06,0.86,0.38,1.72,1.72,2.03,2.09,2.09,1.78,2.07,2.26,4.97,2.78,2.1,2.78,5.02,4.91,5.17,5.46,5.67,5.49,5.39,5.44,5.32,5.3,5.24,5.22,4.93,4.94,4.88,4.95,4.86,4.43,4.67,None,None,
-0.34,-0.4,-0.34,-0.34,-0.81,-0.26,-0.47,-0.45,-1.01,-0.02,-0.62,-0.19,-0.45,0.77,0.03,0.04,0.37,0.03,-0.57,-0.51,-1.21,-0.89,-1.34,-1.1,-0.39,-0.5,0.65,-1.02,-0.37,-0.59,-0.35,-0.4,-0.76,-0.34,-0.16,-0.58,-0.21,-0.29,-0.69,-0.59,-0.6,-0.16,-0.54,-0.54,-0.79,-1.14,-1.09,-1.21,-0.96,-1.14,-1.41,-1.54,-1.22,-1.16,-1.16,0.1,-0.7,-1.32,-1.43,-1.12,-0.65,-1.21,-1.1,-1.15,-0.57,-1.72,0.03,-1.58,-4.24,-1.59,-1.75,-2.47,-2.87,-2.0,-2.27,-1.33,-2.78,-3.65,-3.59,-5.05,-5.14,-5.29,-5.32,-5.36,-5.36,-5.16,-4.9,-4.95,-4.96,-4.81,-4.58,-4.33,-3.91,-0.1,-4.29,-4.5,-5.34,None,
0.4,0.4,0.4,0.61,0.31,0.87,1.25,1.15,1.33,0.82,0.78,1.4,1.37,2.09,1.69,0.3,1.16,1.16,0.95,1.09,1.1,1.48,1.21,0.53,0.48,0.49,0.81,0.75,0.4,1.08,0.78,1.24,1.24,0.11,0.77,1.32,1.49,1.67,1.06,1.31,2.86,1.09,1.32,2.33,2.18,2.47,1.51,2.16,3.51,2.45,3.09,2.15,2.75,3.67,3.84,3.84,3.12,3.61,3.57,3.61,3.72,3.33,0.75,2.41,3.43,3.95,3.14,3.3,3.74,3.24,3.24,3.0,3.31,3.27,3.43,3.83,4.21,3.8,3.79,3.29,3.79,4.27,3.9,3.41,3.3,4.16,3.53,3.14,5.96,4.08,3.67,3.46,4.03,5.41,4.71,3.99,3.78,3.47,3.58,2.97,3.48,3.98,5.65,5.03,3.4,3.98,4.38,3.37,4.9,4.84,3.45,4.07,3.93,4.58,4.82,4.04,3.97,3.42,3.56,3.86,4.23,3.76,4.02,4.31,3.91,4.11,3.96,4.24,4.92,4.83,7.51,5.71,6.21,6.27,6.79,6.64,6.7,7.45,7.3,7.19,11.17,10.67,10.37,38.19,37.95,37.45,37.23,36.71,None,None,
-0.4,-0.4,-0.34,-0.19,-0.2,-0.69,-0.88,-1.2,-0.87,-0.42,-1.09,-1.16,-0.12,0.0,-0.44,-0.72,-0.57,-0.82,-0.59,-0.29,-0.77,-0.52,0.18,-1.94,-0.03,-0.33,0.39,0.66,-0.47,-0.49,-0.37,-0.23,-0.19,-0.75,-0.71,-0.96,-1.43,-0.6,-1.21,-1.09,-1.1,2.11,-1.32,-2.55,-2.26,-2.15,-2.5,-2.86,-3.14,-1.45,-1.79,-2.42,-2.17,-3.75,-3.2,-3.48,-3.51,-3.57,-3.57,-2.9,-3.19,-2.26,-2.65,-2.64,-2.94,-3.74,-0.86,-3.48,-3.58,-3.24,-3.54,-3.57,-3.15,-3.37,-3.58,-3.36,-3.06,-3.14,-1.6,-3.12,-3.55,-3.22,-3.14,-3.36,-3.17,-3.05,-3.59,-3.45,-3.82,-0.78,-3.46,-4.03,-2.79,-3.24,-3.99,-3.78,-2.5,-3.24,-2.43,-3.75,-3.91,-4.27,-3.69,-2.66,-3.89,-4.12,-3.9,-3.4,-3.72,-3.1,-3.21,-3.2,-3.87,-3.78,-3.64,-3.97,-3.13,-3.58,-3.57,-2.38,-3.67,-3.83,-4.02,-3.86,-3.91,-3.7,-3.43,-4.87,-4.85,-4.98,-4.57,-6.75,-6.14,-6.24,-6.7,-6.75,-6.23,-7.45,-7.3,-7.17,-8.19,-6.77,-8.6,-38.09,-37.4,-37.57,-37.25,None,None,
0.4,0.4,0.4,0.35,0.63,0.67,0.21,0.6,0.7,0.26,0.3,-0.1,0.43,0.52,0.5,0.39,0.18,0.53,2.03,0.18,0.48,4.17,0.07,0.14,-0.02,0.37,1.98,0.46,0.26,0.64,1.03,0.91,1.3,0.66,1.49,0.97,0.84,0.8,0.95,1.92,1.71,1.94,1.28,1.0,0.92,0.92,0.93,0.97,1.04,1.35,0.17,1.25,0.53,0.87,0.92,1.36,1.16,1.61,2.34,2.84,2.62,3.41,2.27,2.27,2.54,2.5,2.12,4.02,2.15,2.7,2.08,2.88,2.55,2.85,3.04,3.55,3.53,4.02,3.41,4.0,4.16,4.38,4.97,4.64,5.95,5.16,4.92,5.75,5.86,5.38,6.5,8.37,7.45,5.3,35.72,34.21,7.62,11.0,38.15,37.81,37.57,None,None,
-0.4,-0.4,-0.34,-0.48,-0.85,-0.67,-0.73,-0.24,-0.41,-0.17,-0.22,-0.1,-0.17,-0.14,0.01,-0.25,-0.13,-0.27,-0.17,-0.05,-0.55,-0.16,-0.07,-0.25,-0.32,-0.29,-0.92,-0.16,-0.4,-0.33,-0.48,-0.6,-0.66,0.02,-0.94,-0.84,-0.71,-0.8,-0.11,-1.15,-0.48,-2.79,-1.0,-0.84,-0.92,-1.05,-0.93,-1.18,-0.45,-0.69,-0.68,-0.74,-0.17,-1.04,-1.25,-1.16,-1.61,-1.61,-2.68,-2.62,-2.42,-2.34,-2.79,-2.27,-2.54,-2.12,-2.12,-2.79,-2.08,-2.1,-2.35,-3.05,-2.55,-2.98,-3.38,-3.99,-4.14,-4.02,-3.96,-3.84,-4.24,-4.97,-5.82,-4.55,-4.54,-4.64,-5.02,-5.0,-5.17,-6.5,-7.18,-5.4,-4.23,-5.3,-5.3,-5.3,-10.39,-38.2,-37.81,-37.43,-37.38,None,
0.37,0.37,0.47,0.61,0.04,0.31,-0.63,0.45,0.73,0.82,0.62,1.25,0.52,0.18,1.06,1.65,1.17,0.71,1.25,1.29,0.89,0.94,1.72,-0.5,0.67,1.04,0.78,1.35,0.36,3.25,0.79,1.14,1.19,0.83,0.89,0.45,-0.86,0.76,0.76,0.92,0.64,1.14,0.35,0.32,0.25,0.05,0.28,0.07,0.17,0.06,0.06,0.06,0.06,0.19,0.08,0.65,0.02,0.0,-0.41,0.04,0.3,0.06,-0.08,-0.4,0.0,0.31,-0.02,0.1,0.05,-0.07,-0.35,-0.08,0.07,0.0,0.02,0.0,0.01,0.0,-0.06,0.0,0.01,0.0,0.02,0.0,0.0,0.0,0.01,0.01,0.01,0.01,0.0,5.44,0.0,0.0,0.0,0.0,0.0,0.0,0.0,0.0,0.0,0.0,0.0,0.0,0.0,0.0,0.0,0.0,0.0,0.03,-0.02,0.0,0.0,0.03,0.0,0.0,0.0,0.0,0.0,0.04,0.0,0.0,0.0,0.0,0.0,0.0,0.0,0.0,0.0,0.0,0.0,0.0,0.0,0.0,0.0,0.0,5.5,5.57,5.56,5.55,5.32,5.43,5.43,5.32,5.71,None,
-0.37,-0.39,-0.18,-0.14,0.03,-0.3,-0.08,-0.2,0.0,-0.79,-0.94,-0.44,-1.32,-0.87,-1.3,-1.65,-0.7,-0.49,-1.0,-0.8,-0.54,-0.35,-0.69,-0.19,-0.81,-1.04,-1.06,-0.51,-1.1,-1.0,-1.07,-0.82,-0.48,-0.62,-0.45,-0.32,0.86,-0.76,-0.9,-0.64,-0.27,-0.2,-0.35,-0.19,-0.19,-0.03,-0.05,0.0,-0.07,0.84,-0.05,0.02,-0.04,-0.1,-0.08,-0.09,0.02,1.14,0.07,-0.01,-0.05,-0.03,0.51,1.2,0.0,0.18,0.07,-0.07,0.03,0.24,0.18,0.26,-0.08,0.06,0.0,0.03,0.01,0.05,0.06,0.02,0.0,0.01,0.03,0.01,0.04,0.01,0.01,0.0,0.0,0.02,0.0,0.0,0.02,0.0,0.0,0.0,0.0,0.0,0.0,0.01,0.0,0.02,0.03,0.01,0.01,0.03,0.03,0.03,0.01,0.02,0.0,0.0,0.01,0.01,0.01,0.0,0.02,0.0,0.0,0.0,0.03,0.02,0.05,0.01,0.01,0.02,0.0,0.0,0.0,0.0,0.0,0.0,0.0,0.0,0.0,0.0,-5.4,-5.53,-4.9,-5.17,-5.5,-5.44,-5.13,-5.25,None,
0.37,0.42,0.78,0.38,0.41,0.6,0.36,0.41,0.38,0.66,0.38,0.46,0.22,0.1,0.2,0.2,0.17,0.17,0.34,0.42,0.7,0.7,0.49,0.16,0.17,0.67,0.49,0.97,0.83,1.0,1.01,0.94,0.64,0.93,0.78,1.16,1.46,1.41,1.36,5.28,2.76,2.31,1.39,1.48,1.85,1.6,0.89,0.98,0.08,1.38,1.17,1.08,1.31,1.07,1.37,3.2,1.41,0.84,1.01,0.4,1.04,1.25,1.33,1.48,1.48,1.64,2.3,1.3,1.46,1.13,1.46,1.84,1.72,1.93,1.84,1.48,1.76,1.9,2.02,0.9,1.67,0.78,2.18,1.62,0.64,0.75,0.64,0.64,2.1,0.79,1.11,0.24,1.47,1.82,0.78,1.11,1.32,1.59,1.77,2.1,2.2,1.67,0.99,0.94,1.21,1.21,2.67,2.63,3.16,3.86,3.25,3.33,3.65,4.72,7.59,8.24,8.71,38.25,37.96,37.62,37.04,None,None,
-0.41,-0.42,-0.34,-0.28,-0.41,-0.35,-0.21,-0.16,-0.29,-0.37,-0.14,-0.22,-0.21,-0.09,-0.2,-0.04,-0.24,-0.21,-0.3,-0.56,-0.7,-0.27,-0.15,0.09,-0.02,-0.12,-0.1,-0.75,-0.83,-0.82,-0.94,-0.76,-0.64,-1.03,-1.07,-0.16,-1.58,-1.12,-1.51,-0.41,-2.11,-1.43,-1.76,-1.23,-1.79,-0.94,-0.8,-0.79,-1.25,-1.12,-0.71,-0.94,-1.0,-1.18,0.07,-0.8,-0.84,-1.01,-0.61,-0.39,-0.51,-0.65,-1.48,-1.46,-1.48,-0.93,-0.72,-1.07,-0.97,-1.13,-1.03,-1.61,-1.72,-1.8,-1.54,-1.48,-1.48,-1.48,-1.18,-1.37,-1.67,-0.85,-1.03,-0.54,-0.64,-0.59,-0.64,-0.17,-0.6,-0.55,-1.01,-0.24,-1.39,-1.51,-1.11,-0.97,-1.54,-1.66,-1.77,-1.76,-1.62,-0.95,-0.33,-0.94,0.0,0.14,-2.68,-2.52,-2.84,-0.45,-3.33,-3.11,-3.56,-4.72,-8.75,-9.32,-7.91,-37.96,-37.57,-37.43,-37.04,None,
0.37,0.4,0.4,0.61,0.02,0.21,0.35,0.18,0.03,0.02,0.21,-0.04,0.41,0.29,0.67,0.61,0.52,0.45,0.48,0.48,0.48,0.23,0.07,0.52,0.53,0.17,0.36,0.75,0.42,0.57,0.61,0.56,0.56,0.12,0.43,0.08,0.47,0.53,0.53,0.46,0.62,0.77,0.4,0.34,0.71,0.46,0.46,0.46,0.4,0.44,0.13,0.33,0.56,0.12,2.91,0.0,1.88,0.14,0.16,0.0,0.13,1.57,0.31,0.0,0.1,0.14,0.11,0.11,0.0,0.35,-0.09,-0.13,-0.01,-0.02,-0.03,0.14,0.25,0.12,0.0,-0.04,-0.1,-0.08,-0.09,-0.1,-0.03,-0.05,0.34,0.0,-0.06,-0.07,1.0,0.0,0.0,0.0,-0.05,-0.03,-0.03,-0.02,-0.04,-0.13,0.08,-0.34,-0.28,-0.23,0.25,-0.19,-0.2,0.0,-0.04,0.0,0.42,-0.07,-0.13,0.18,0.0,-0.11,-0.24,-0.1,0.0,0.62,0.0,0.06,-0.22,0.0,0.0,-0.12,-0.07,0.0,-0.03,-0.02,0.48,-0.02,-0.12,-0.24,-0.24,-0.19,-0.14,-0.32,-0.32,0.0,-0.22,-0.06,-0.04,-0.13,-0.37,-0.38,-0.25,-0.21,0.0,0.0,0.0,0.76,0.46,-0.21,-0.3,-0.21,-0.29,-0.04,-0.29,-0.04,-0.29,-0.25,0.05,
-0.34,-0.4,-0.34,0.09,-0.3,-0.42,-0.22,-0.05,0.09,0.0,0.04,0.48,-0.25,0.19,-0.67,-0.5,-0.37,-0.22,-0.36,-0.29,-0.23,-0.3,-0.22,-0.2,-0.93,0.0,0.0,-0.23,-0.11,-0.61,-0.56,-0.12,-0.56,-0.68,-0.43,-0.21,-0.47,-0.53,-0.46,-0.42,-0.17,-0.48,-0.08,-0.03,-0.46,-0.16,-0.46,-0.43,-0.49,-0.17,-0.17,-0.32,-0.1,-0.28,-0.25,0.18,-0.14,1.0,0.0,0.02,-0.1,0.12,0.07,-0.09,-0.05,-0.13,-0.13,0.03,0.04,-0.23,-0.11,0.06,0.0,0.05,0.02,-0.14,-0.09,-0.12,0.12,0.1,0.08,0.08,0.1,0.15,0.05,0.0,0.0,0.1,0.11,0.09,0.08,0.0,0.03,0.01,0.04,0.04,0.03,0.03,0.32,0.14,0.34,0.33,0.23,0.29,4.6,0.24,0.24,0.06,0.06,0.25,0.09,0.13,0.13,0.2,0.24,0.22,0.24,0.22,0.0,0.03,0.22,0.01,0.24,0.1,0.21,0.32,0.22,0.03,0.13,0.26,0.04,0.23,0.39,0.32,0.24,0.22,0.32,0.32,0.31,0.26,0.28,0.33,0.34,0.37,0.36,0.47,0.26,0.33,0.0,0.0,0.0,-0.46,0.26,0.3,0.3,0.4,-0.09,0.36,0.52,0.36,0.26,0.34,-0.03,
0.37,0.42,0.42,0.46,0.53,0.26,0.31,1.13,0.91,-0.1,0.09,0.1,0.85,0.69,0.62,-0.04,0.08,-0.18,0.38,1.13,0.19,1.46,0.25,-0.36,-0.35,-0.36,-0.46,-0.21,-0.47,-0.39,-0.35,-0.74,0.0,-0.37,-0.39,-0.44,-0.07,0.21,-0.12,0.0,0.0,0.0,0.0,0.0,0.0,
-0.41,-0.42,-0.04,-0.47,-0.26,-0.26,-0.35,-0.61,0.0,-0.29,0.46,0.04,-0.04,-0.56,0.17,0.07,0.18,-0.38,-0.38,0.91,-1.26,-0.25,0.45,0.39,0.36,0.46,0.62,0.6,0.39,1.69,1.11,0.81,0.08,0.35,0.67,0.07,0.07,0.12,0.0,0.0,0.0,0.12,0.0,0.0,0.0,
0.37,0.4,0.4,0.35,0.45,0.54,0.8,0.4,0.44,0.28,0.31,0.84,0.47,0.47,0.44,0.92,0.76,0.89,1.13,0.32,0.6,0.52,1.11,0.86,0.93,1.34,0.96,0.65,4.42,1.36,4.65,6.27,0.79,1.02,0.38,1.47,1.88,1.63,3.2,0.76,1.25,3.83,1.41,1.4,1.69,1.94,2.25,1.86,1.86,1.53,1.53,1.07,1.53,1.05,0.8,0.67,1.19,1.33,0.82,1.72,1.11,0.96,1.47,0.81,2.97,2.95,3.37,3.75,3.33,4.98,4.57,5.43,5.33,5.56,5.45,5.56,5.44,5.51,5.34,5.28,6.03,None,None,
-0.34,-0.4,-0.34,-0.39,-0.39,-0.8,-0.4,-0.17,-0.28,-0.28,-0.31,-0.54,-0.43,-0.48,-0.69,-0.68,-0.52,-0.44,-0.76,-0.84,-0.32,-0.34,-0.54,-0.7,-1.02,-1.05,-0.77,-0.65,-0.54,-1.3,-1.47,-1.21,-0.39,-0.48,-0.12,-0.14,-1.77,-0.78,-1.08,-0.8,-1.15,-0.87,-1.41,-1.92,-1.94,-1.24,-1.86,-1.55,-1.3,-1.53,-1.28,-1.38,-0.87,-1.05,-0.7,-0.75,-0.98,-0.82,-0.82,-1.0,-0.06,-0.23,-0.73,-0.81,-2.93,-3.26,-2.99,-3.25,-3.23,-4.86,-4.6,-4.82,-5.39,-4.94,-5.59,-4.65,-5.21,-4.9,-4.94,-4.9,None,None,
0.44,0.44,0.44,0.34,0.59,0.09,0.17,0.08,0.68,0.17,0.52,2.52,0.14,0.13,0.87,0.77,0.84,0.69,0.78,0.93,1.14,2.14,0.35,0.88,0.43,0.14,1.36,0.73,0.67,0.94,0.76,0.12,0.51,1.58,2.21,0.69,1.1,1.9,2.69,2.21,2.1,3.24,3.34,3.81,2.88,3.08,3.1,2.35,2.17,2.29,3.75,3.32,4.16,4.07,3.59,5.03,5.12,5.67,5.72,5.58,5.41,5.39,5.33,5.29,5.13,5.21,4.91,4.96,4.95,4.85,4.63,4.75,5.1,None,
-0.44,-0.44,-0.34,-0.34,-0.1,-0.09,-0.25,-0.07,-0.68,-0.52,-0.57,-0.24,-0.14,-0.23,-0.46,-0.42,-0.19,-0.39,-0.32,-0.95,-1.14,-0.35,-0.37,-0.43,-0.43,-1.36,-1.51,-1.01,-0.96,-0.76,-0.49,-0.29,-1.42,-1.33,-2.21,-0.94,-1.85,-1.78,-2.43,-2.34,-1.91,-1.27,-3.87,-3.56,-2.36,-3.08,-2.5,-2.2,-2.17,-1.57,-3.5,-3.11,-4.28,-3.24,-4.31,-4.78,-4.79,-5.32,-5.43,-5.17,-5.35,-4.76,-4.89,-5.03,-4.91,-5.08,-4.66,-4.39,-0.04,-4.62,-4.56,-4.67,None,
0.4,0.4,0.4,0.35,0.63,0.67,0.21,0.6,0.7,0.76,0.99,0.61,0.81,0.59,3.35,1.06,0.99,0.49,0.6,0.72,0.96,1.34,0.2,0.2,0.06,1.33,1.43,1.06,1.35,1.79,0.52,1.73,3.69,1.81,1.62,2.31,1.74,3.09,2.53,1.22,2.21,2.71,3.14,3.11,2.35,5.28,3.13,3.27,4.04,4.17,3.35,2.89,4.71,5.05,5.36,5.28,5.55,5.16,4.96,5.32,5.19,4.48,6.03,6.26,6.04,5.51,5.88,6.2,34.49,33.96,33.78,33.36,32.97,32.46,32.27,31.95,31.75,31.67,None,None,None,
-0.4,-0.4,-0.34,-0.48,-0.85,-0.67,-0.73,-0.24,-0.41,-0.95,-0.4,-0.13,-0.17,-0.88,-0.48,-0.35,-0.28,-0.23,-0.23,-0.46,-0.21,-0.2,-0.2,-0.48,-0.44,-0.45,0.75,-0.7,-0.74,-1.04,-0.75,-1.31,-1.81,-1.81,-1.5,-1.74,-1.74,-2.39,-2.19,-0.6,-2.71,-2.87,-3.6,-3.0,-3.79,-3.13,-3.13,-2.27,-3.83,-2.47,-0.59,-3.57,-4.59,-5.05,-5.35,-5.15,-5.45,-4.96,-5.41,-4.94,-5.01,-5.07,-6.0,-5.83,-6.04,-6.41,-6.13,-5.67,-34.35,-33.96,-33.36,-33.34,-32.83,-32.4,-32.27,-31.68,-31.68,-31.5,None,None,
0.4,0.4,0.4,0.35,1.25,0.56,0.84,0.13,-0.03,0.56,0.83,0.13,0.11,0.06,-0.03,0.56,-0.63,-0.57,0.58,0.08,0.22,-0.08,0.37,1.71,1.71,0.0,-0.24,-0.21,-0.43,1.22,2.02,0.93,1.15,0.5,0.84,0.66,0.55,0.48,0.28,0.0,-0.16,-1.0,-0.27,-0.04,-0.17,-0.04,0.03,-0.01,-0.06,-0.01,-0.03,0.0,0.03,0.0,0.0,0.01,-0.02,0.01,0.0,0.03,-0.01,0.06,-0.08,-0.03,
-0.4,-0.4,-0.34,-0.54,-0.56,-0.84,-0.69,-0.13,0.37,0.08,0.17,0.29,0.23,0.41,0.61,0.17,0.57,0.57,0.18,3.36,0.68,0.1,0.34,-1.08,0.17,2.06,0.64,2.0,0.45,0.46,0.22,-0.45,-0.38,-0.38,-0.63,-0.5,-0.28,-0.28,0.02,-1.3,0.85,0.27,0.51,0.07,0.3,0.02,0.18,0.03,0.08,0.06,0.09,0.04,0.02,0.01,0.01,0.03,0.03,3.82,0.0,0.59,0.24,0.02,2.94,0.01,
0.37,0.42,0.4,0.32,0.45,0.67,0.47,0.65,2.03,1.29,0.84,0.34,0.76,0.43,0.65,0.72,0.54,7.75,2.25,2.21,1.17,2.34,1.48,1.18,1.38,0.9,0.47,0.72,0.57,0.23,3.49,0.66,0.49,-1.05,-1.78,4.74,-1.99,-0.7,3.57,-0.41,-0.18,-0.54,-0.07,0.17,0.0,0.32,2.92,0.93,0.59,1.06,0.67,1.57,-0.54,-0.23,-0.13,-0.06,-0.15,4.57,-0.13,-0.46,-0.75,-0.8,5.67,-0.81,0.32,0.24,-0.15,0.11,0.15,0.01,0.03,0.39,0.58,-0.03,2.17,2.14,2.37,4.0,3.61,4.39,2.83,2.87,2.82,3.14,3.07,3.08,2.94,3.59,3.5,3.85,4.48,3.93,4.09,4.43,4.13,4.13,4.44,4.44,3.76,4.14,None,None,
-0.42,-0.42,-0.34,-0.27,-0.85,-0.67,-0.73,-0.25,-0.04,-0.23,-0.57,-0.28,0.07,0.03,-0.57,-0.54,-0.09,-0.21,1.15,-0.06,-1.42,-1.48,-1.48,-1.18,-1.38,-0.15,-0.23,-0.36,-0.51,-0.23,-0.65,-0.34,1.05,1.05,-4.74,1.74,1.61,0.88,0.56,0.6,0.01,0.44,0.26,0.21,0.38,-0.13,-0.34,-0.53,-0.59,-0.89,-0.05,0.15,0.77,0.13,0.5,0.31,0.85,0.58,0.48,0.29,0.74,0.14,0.17,-0.08,0.07,0.61,-0.01,-0.11,-0.19,-0.01,-0.01,-0.47,0.0,-1.99,-1.42,-2.44,-2.37,-2.34,-2.61,-2.77,-2.58,-2.9,-3.0,-2.97,-2.79,-2.91,-2.95,-3.59,-3.74,-3.7,-4.52,-3.93,-4.09,-4.13,-4.13,-3.99,-3.65,-3.65,-4.09,-5.98,None,
0.37,0.42,0.46,0.61,0.32,0.14,-0.37,0.14,0.72,0.77,0.38,0.86,0.81,0.37,1.19,0.82,0.86,0.72,0.78,0.66,0.71,1.1,0.88,1.03,1.37,1.1,0.53,1.05,0.62,1.05,1.2,1.16,1.21,0.47,1.15,0.47,0.7,0.94,0.9,0.2,0.04,0.64,-1.06,0.34,-0.05,0.54,-1.19,-0.62,-0.89,-0.66,-0.77,-2.51,-0.79,-1.03,-1.93,-0.66,0.96,-1.03,-1.77,-1.77,-1.53,-0.07,-0.17,0.07,0.13,0.26,0.0,0.0,-0.08,0.06,0.0,-0.09,0.05,-0.29,-0.13,-0.07,-0.14,-0.11,-0.11,0.0,0.16,
-0.41,-0.42,-0.34,-0.23,0.17,-0.14,0.19,-0.05,0.0,-0.14,-0.38,-0.15,-0.65,-0.71,-1.23,-0.68,-0.42,-0.39,-0.85,-0.94,-0.48,-0.67,-0.57,-1.0,-0.38,-0.5,-0.49,-0.91,-0.67,-1.05,-1.21,-0.94,-1.0,-0.58,-0.6,-0.8,-0.12,-0.66,-0.41,0.19,-0.12,0.88,-0.1,0.05,0.4,1.25,1.31,1.04,0.66,0.77,2.73,1.57,1.41,1.49,2.36,2.53,0.65,3.06,1.77,1.77,2.78,0.73,0.1,-0.1,-0.09,-0.09,0.0,0.06,0.07,0.03,0.57,0.07,1.46,0.63,0.11,0.11,0.14,0.11,0.0,-0.15,-0.39,
0.43,0.44,0.44,0.35,0.63,4.88,0.21,0.6,0.32,-0.08,0.28,0.23,0.25,0.37,0.85,0.55,0.82,-0.02,-0.08,-0.11,-0.1,0.07,0.3,-0.22,-0.18,-0.18,-0.26,0.36,-0.07,0.67,0.97,0.03,0.75,0.67,-0.63,-0.24,0.32,5.05,-0.74,-0.88,-1.39,-1.08,-1.34,-1.19,-1.3,-4.87,-1.75,-2.76,-2.41,-2.92,-2.91,-1.92,-1.82,-3.2,-3.0,-2.35,-2.53,2.98,-2.5,-2.56,-2.96,-1.89,-2.34,-2.17,-1.6,-2.91,-2.37,-2.6,-2.64,-2.89,-4.29,-4.55,-5.36,-4.48,-4.81,-4.2,-5.55,-6.05,-6.84,-7.17,-6.88,-6.91,-6.69,-6.1,-6.71,-8.8,-40.87,-37.36,None,
-0.44,-0.44,-0.34,-0.6,-0.85,-0.6,-0.73,-1.1,-0.24,-0.3,-0.28,-0.28,0.0,-0.19,-0.85,-0.55,-0.85,0.47,0.8,0.3,0.39,-0.32,0.02,0.19,0.18,0.28,0.19,0.17,0.14,-0.39,-0.25,0.15,0.04,1.1,0.65,0.42,1.0,0.48,0.88,0.88,1.03,1.08,1.66,1.19,2.72,2.76,2.51,3.04,3.3,2.83,3.03,2.16,3.26,3.52,2.27,3.17,2.84,2.35,3.51,2.6,2.96,3.41,1.6,2.26,3.2,3.48,2.64,2.57,3.38,4.06,4.78,5.17,5.03,4.67,4.62,5.78,6.21,6.71,6.89,7.2,6.87,7.19,6.7,7.32,7.98,8.8,37.36,37.36,None,
0.43,0.43,0.44,0.61,0.2,0.73,0.59,0.98,1.85,1.28,0.49,0.51,1.46,1.46,2.23,0.65,1.49,2.58,1.69,2.93,3.06,2.59,3.39,2.78,2.82,3.6,2.78,3.06,3.06,2.58,2.59,2.68,2.79,1.03,2.22,3.63,3.06,3.24,3.55,5.14,6.1,3.87,4.9,4.9,4.79,5.61,5.78,5.24,5.83,5.74,5.69,6.36,6.65,40.0,39.57,40.06,40.01,46.77,46.86,None,None,
-0.43,-0.34,-0.34,-0.2,-0.65,-0.53,-0.53,-1.32,-1.55,-1.61,-0.49,2.96,-1.45,-0.54,-0.88,-1.09,-2.56,-3.49,-1.66,-2.93,-2.86,-2.49,-3.11,-2.76,-2.4,-3.03,-2.71,-2.98,-3.06,-2.59,-2.4,-2.76,-2.48,-1.51,-2.33,-3.29,-3.01,-3.24,-5.51,-3.72,-3.87,-2.94,-4.9,-4.28,-5.05,-5.61,-5.42,-5.78,-5.66,-5.62,-5.6,-6.06,-6.6,-39.93,-39.53,-39.63,-40.21,-46.61,None,None,
0.37,0.42,0.4,0.32,0.45,0.67,0.47,0.65,2.03,0.39,0.31,0.06,0.25,0.32,0.2,0.64,3.61,0.46,-2.22,-0.79,0.84,0.86,0.75,0.93,-0.92,-0.42,-0.66,-0.34,-0.12,-0.22,-0.23,-0.04,0.0,-0.15,-3.26,-2.25,-3.68,-6.02,-6.2,-5.8,-5.66,-6.31,-7.33,-7.71,-6.96,-6.75,None,
-0.42,-0.42,-0.34,-0.27,-0.85,-0.67,-0.73,-0.25,-0.37,-0.08,0.0,0.09,-0.4,-0.12,-0.3,-0.3,-0.64,2.25,-0.04,0.69,-0.23,-0.53,-0.93,0.0,0.73,0.12,0.34,0.34,0.24,0.21,0.44,0.17,1.23,3.33,3.26,3.68,5.47,5.62,5.69,7.02,6.89,6.83,7.71,6.96,6.75,None,None,
0.43,0.43,0.44,0.61,0.17,0.19,0.56,0.34,0.26,0.15,0.11,0.18,0.24,0.35,0.36,0.19,0.23,0.08,-0.05,0.25,0.12,-0.04,-0.21,-0.62,-0.62,0.23,1.25,-0.09,-0.82,-0.41,-1.21,0.04,-0.54,-0.38,-0.11,-0.42,-1.07,-1.35,-1.08,-1.31,-1.18,-1.07,-1.24,-1.64,-1.89,-1.59,1.87,-0.09,-1.17,-0.93,-1.62,-0.95,5.83,-2.0,-2.07,-2.24,-2.38,-2.75,-2.67,-2.88,-2.66,-2.17,-2.19,-3.01,-2.2,-2.64,-2.47,-2.0,0.29,-2.35,-1.95,-2.09,-1.61,-2.35,-2.78,-2.28,-2.83,-3.32,-3.03,-2.42,-3.31,-3.57,-2.51,-2.61,-3.28,-3.28,-3.56,-3.53,-2.92,-2.38,-3.34,-3.34,-3.95,-3.44,-3.45,-3.81,-3.19,-3.73,-3.63,-4.4,-3.79,-3.83,-3.86,-6.37,-5.82,None,
-0.43,-0.34,-0.34,-0.2,-0.32,-0.14,-0.21,-0.26,0.14,0.17,-0.06,-0.11,-0.12,-0.46,-0.13,0.16,-0.06,0.08,0.52,-1.13,0.0,-0.11,0.59,0.62,0.24,-0.02,1.04,0.29,0.82,0.41,0.57,2.15,0.34,0.38,0.95,1.1,1.78,1.7,1.31,1.57,1.77,1.46,1.85,1.64,1.59,1.59,-2.35,1.17,1.17,1.5,1.65,1.65,1.67,2.54,2.59,2.76,2.79,2.67,3.15,2.23,2.23,2.58,3.03,3.03,3.9,2.32,2.55,2.57,2.24,2.35,2.71,2.05,2.8,2.63,3.68,2.85,3.39,5.57,3.03,-1.75,3.93,4.24,4.06,4.11,3.28,3.43,3.56,4.51,5.83,3.34,3.34,3.34,3.97,3.61,3.47,4.03,5.4,3.63,4.37,4.12,6.14,4.4,6.43,6.43,None,None,
0.4,0.4,0.4,0.61,0.45,0.02,0.68,2.0,0.33,0.11,0.65,0.12,0.83,-0.04,0.03,0.29,0.15,0.05,-0.05,0.13,-0.46,-0.46,-1.51,-0.64,0.3,2.39,-0.65,-0.65,0.08,1.96,1.14,1.49,-0.45,-5.88,-2.27,-2.3,-1.28,-0.06,-2.29,-3.11,-2.82,-2.85,-1.06,-4.09,-2.58,-3.4,-2.83,-5.03,-5.42,-5.36,-4.84,-4.48,-4.51,None,None,None,
-0.4,-0.4,-0.34,-0.03,-0.04,0.08,-0.46,-0.45,-0.03,0.07,-0.16,-0.41,0.04,0.43,-0.26,0.01,-0.05,-0.17,0.1,0.42,0.74,1.42,1.43,1.43,0.81,0.72,0.65,-0.98,0.22,1.54,1.32,1.01,-0.56,2.71,3.29,5.96,0.06,2.81,3.18,3.55,4.01,3.99,2.94,3.83,5.48,5.07,5.03,4.57,5.54,4.84,4.84,4.91,None,None,None,None,
0.43,0.43,0.44,0.61,0.2,0.73,0.59,0.98,0.41,0.1,-0.17,1.11,0.87,1.32,-0.84,-0.84,-0.43,-2.99,-1.28,-0.85,-0.82,-0.34,-0.77,-0.72,-2.09,-0.91,-0.56,-0.4,-0.07,-0.83,-0.72,-0.05,-0.44,-0.17,-0.18,-0.42,-0.67,-0.49,-0.4,-0.22,-0.39,-0.63,-0.47,-0.02,-0.02,-0.01,-0.02,-0.01,0.0,-0.02,-0.02,0.0,0.0,-0.02,0.0,-0.01,0.0,0.0,-0.02,-0.02,-0.02,-0.01,0.0,-0.03,-0.02,-0.02,-0.02,-0.01,-0.04,-0.04,-0.02,-0.04,-0.05,-0.05,-0.02,
-0.43,-0.34,-0.34,-0.2,-0.65,-0.53,-0.53,-0.32,-0.41,0.78,-0.52,0.66,1.17,0.68,0.84,0.12,0.43,2.12,0.77,0.85,1.42,1.66,1.02,2.14,1.48,0.93,0.82,0.72,0.54,0.69,0.55,0.44,0.44,0.26,0.44,0.69,0.71,0.6,0.5,0.4,0.63,0.63,0.07,0.05,0.02,0.03,0.03,0.02,0.02,0.02,0.01,0.02,0.02,0.01,0.02,0.02,0.01,0.03,0.03,0.02,0.02,0.03,0.03,0.03,0.03,0.03,0.02,0.02,0.14,0.06,0.04,0.08,0.08,0.05,0.06,
0.37,0.4,0.4,0.34,0.38,1.04,0.51,-0.17,0.19,0.19,0.38,0.04,0.28,0.39,-0.16,0.62,0.98,0.98,0.71,0.65,0.56,0.1,0.38,1.83,2.59,2.1,3.7,1.14,6.97,6.74,1.22,2.22,2.43,1.84,2.08,1.33,2.68,2.68,2.65,4.35,4.39,4.76,4.11,4.36,4.99,7.33,3.32,3.7,3.75,4.5,4.99,4.82,5.42,6.24,6.1,5.93,5.59,5.55,5.78,6.17,5.88,5.72,6.32,6.59,6.3,6.49,7.19,6.89,7.22,40.03,39.63,39.67,40.08,40.38,None,None,
-0.4,-0.4,-0.34,-0.34,-0.28,-0.17,0.17,1.33,-0.19,-0.15,-0.04,-0.22,5.77,-0.33,-0.42,-0.32,-0.75,-0.71,-0.6,-0.38,-0.32,-0.48,1.3,-1.22,-2.59,-2.93,1.13,-1.39,-1.4,-0.81,-1.3,-1.87,-1.73,-1.84,-9.34,2.11,-2.68,-0.43,-3.54,-3.42,-3.25,-4.36,-4.33,-2.79,-7.33,-3.02,-3.64,-3.88,-3.83,-4.31,-4.99,-5.64,-5.89,-6.01,-6.01,3.07,-4.77,-4.85,-5.91,-6.02,-5.55,-6.32,-5.91,-6.14,-6.11,-6.5,-6.99,-7.02,-7.64,-40.03,-40.03,-39.29,-40.08,-40.39,None,
0.43,0.43,0.44,0.34,0.34,0.59,0.51,0.18,0.24,-0.15,0.35,0.35,0.18,-0.08,0.22,0.68,-0.08,-0.29,0.01,0.13,0.14,0.39,-0.11,1.2,0.03,-0.02,0.37,-0.09,-0.22,-0.22,-0.84,-0.84,-0.19,-0.7,-0.46,-0.12,0.08,-1.31,-1.65,0.04,-2.86,-2.3,-2.15,-1.09,-1.65,-2.18,-2.13,-2.07,-1.89,-2.59,-1.61,-2.21,-2.58,-3.37,-2.18,-1.96,-2.53,-3.93,-3.67,-3.47,-3.82,-3.78,-3.54,-2.94,-3.14,-5.67,-5.35,-4.76,-5.75,-5.84,-5.29,-6.37,-5.96,-6.57,-6.24,-6.77,None,
-0.43,-0.34,-0.34,-0.34,-0.28,-0.17,-0.04,0.26,0.86,0.61,-0.35,-0.74,0.35,0.08,0.17,0.0,0.18,0.64,0.18,-0.12,0.07,0.04,0.11,0.0,0.35,0.04,0.21,0.14,0.22,0.22,0.84,0.69,0.23,1.22,0.47,0.57,0.72,1.65,0.31,1.87,2.34,2.87,1.73,0.82,3.1,3.35,2.92,2.09,2.38,2.94,3.16,2.21,3.37,3.37,4.88,2.53,3.01,3.93,3.92,3.82,4.16,4.46,5.94,6.01,5.67,5.82,5.84,5.71,5.84,6.43,6.17,6.14,6.26,6.66,7.66,None,None,
0.43,0.46,0.6,0.61,0.22,0.13,0.7,-0.25,-0.28,0.1,0.84,-0.1,0.53,1.13,1.0,0.76,0.32,0.57,0.35,0.0,0.0,0.0,0.0,-0.54,0.49,0.36,0.83,1.6,0.3,-0.11,0.11,0.13,0.0,0.0,-0.02,0.16,0.11,0.0,0.03,0.17,0.48,0.65,0.01,0.39,0.05,0.05,0.01,0.0,0.12,0.02,0.01,-0.01,4.29,0.02,0.02,0.0,-0.03,0.0,0.11,0.02,0.08,0.04,0.04,-0.01,-0.02,-0.01,0.02,0.01,0.1,0.05,0.08,0.07,0.28,
-0.44,-0.46,-0.34,0.17,0.03,-0.94,2.35,0.25,-0.37,0.06,0.1,0.18,-0.64,-0.38,-0.69,0.95,4.61,4.67,0.31,0.0,0.0,0.0,-0.14,0.21,0.08,-0.67,-0.4,0.25,0.5,6.92,0.02,0.25,0.0,0.0,-0.04,-0.06,0.03,0.0,-0.1,0.09,-0.01,-0.19,0.18,0.11,-0.05,-0.03,0.01,0.06,0.02,0.02,0.02,0.02,0.04,-0.01,0.01,0.03,0.0,0.0,-0.01,0.0,-0.03,0.02,0.0,0.0,0.05,0.04,0.08,0.0,-0.05,-0.02,-0.03,-0.05,
0.43,0.44,0.44,0.61,0.12,0.2,0.57,0.34,0.41,0.34,0.25,0.28,0.66,1.25,1.04,1.03,0.26,0.33,0.91,0.85,0.89,0.97,0.9,1.1,0.93,0.6,1.05,1.11,0.75,0.77,1.15,0.82,0.54,0.52,0.34,0.38,1.21,0.56,0.65,0.31,0.08,-0.05,0.97,5.85,0.66,0.45,0.79,0.11,4.25,0.59,1.32,0.52,0.03,0.26,0.29,0.0,0.0,0.0,0.0,0.0,0.01,0.01,0.01,0.0,0.0,0.0,0.0,0.01,0.0,0.05,0.01,0.01,0.04,0.03,0.01,0.04,0.09,0.01,0.0,0.05,0.01,0.01,0.0,0.0,0.0,0.0,0.0,0.0,0.0,0.01,0.07,0.04,0.06,0.04,0.02,0.03,0.03,0.0,0.0,0.05,0.0,0.02,0.0,0.04,0.03,0.01,0.0,0.01,0.02,0.0,0.04,0.03,0.0,0.0,0.0,0.0,0.0,0.0,0.0,0.0,0.0,0.01,0.0,-0.02,0.06,0.0,0.07,0.05,0.04,0.04,0.07,0.03,0.0,0.14,0.14,0.14,0.0,0.04,0.03,0.17,0.0,0.03,0.03,0.0,0.0,0.0,0.03,2.07,0.02,0.07,0.0,0.01,0.0,0.0,0.02,0.1,0.0,0.0,0.03,0.01,0.0,0.01,0.02,0.0,0.0,0.0,0.01,0.0,0.0,0.0,0.0,0.0,0.0,0.0,0.0,0.01,0.31,0.0,0.0,0.0,0.0,0.0,0.0,3.96,4.88,4.27,7.22,5.46,4.88,4.34,4.69,4.37,4.11,3.68,3.96,4.2,4.56,6.17,7.68,8.21,7.02,7.64,8.15,7.38,36.16,36.43,36.31,36.51,36.67,36.71,43.36,43.14,None,None,
-0.44,-0.44,-0.34,0.1,-0.4,-0.14,-0.07,0.51,0.08,-0.25,0.03,-1.02,-0.93,-0.36,-1.04,-0.81,-0.12,-0.86,-0.77,-0.86,-0.89,-0.74,-1.08,-0.52,-1.95,-0.48,-1.05,-0.67,-0.61,-1.01,-0.69,-0.62,-0.45,-0.26,-0.08,-0.43,-0.42,-0.62,0.41,-0.28,0.06,-0.97,-5.6,3.26,-0.48,-0.41,-0.1,-0.03,-1.05,-0.42,-0.77,-0.28,-0.22,-0.12,-0.1,0.0,0.0,0.0,0.03,0.02,-0.01,0.0,0.0,-0.01,0.03,0.0,0.0,0.0,0.01,0.0,0.0,0.0,0.0,-0.01,-0.04,0.02,0.0,0.0,0.0,0.06,0.0,0.02,0.01,0.0,0.0,0.0,0.0,0.0,0.02,0.0,-0.01,-0.02,0.02,-0.01,0.03,-0.02,0.0,4.67,0.02,0.01,0.0,0.0,0.0,0.0,0.02,0.02,-0.01,0.0,0.01,0.0,-0.01,0.0,0.0,0.0,0.0,0.0,0.0,0.01,0.0,0.01,0.07,0.02,0.04,0.03,-0.01,0.0,-0.02,0.0,0.0,-0.02,0.05,0.0,0.0,0.08,0.01,0.03,0.0,0.03,-0.01,-0.05,0.0,0.02,0.02,-0.01,0.02,0.02,0.0,-0.01,0.01,0.0,0.0,0.0,0.03,-0.01,0.03,0.0,0.01,0.01,0.0,0.0,-0.02,0.04,0.02,0.01,0.03,0.02,0.02,0.02,0.0,0.01,0.03,0.0,0.03,0.02,0.01,0.03,0.0,0.0,0.0,0.0,0.0,0.0,0.0,-3.96,-4.21,-3.91,-5.35,-4.66,-4.37,-4.59,-4.5,-3.79,-3.77,-3.19,-3.92,-4.0,-6.59,-7.38,-6.74,-6.83,-7.6,-7.02,-7.46,-8.18,-36.44,-36.43,-36.39,-36.39,-36.71,-36.12,-43.18,-43.14,None,
0.46,0.46,0.6,0.61,0.09,0.26,4.86,2.05,0.73,0.5,0.99,2.1,1.03,0.99,0.49,1.06,1.08,-1.75,-0.44,1.62,0.15,0.15,0.15,0.0,0.15,0.0,0.0,0.0,
-0.46,-0.46,-0.34,0.07,0.55,-0.64,-2.65,-0.6,-0.73,-1.31,-0.99,-1.77,-0.32,-0.12,-1.06,-0.68,1.75,0.31,0.44,0.32,-0.72,-0.15,0.0,0.0,0.0,0.0,0.0,0.0,
